{
  "inkdx_calibration_version": 1,
  "meta": {
    "fitted": "2026-07-18",
    "halfwidth": 31,
    "model_pred": "vesuvius_unet 20k iters",
    "note": "surface profile stats fitted on INK_OK tiles only",
    "scroll": "PHerc. Paris 4",
    "segment": "w00_20231016151002",
    "surface_volume": "w00_20231016151002.zarr (65,32249,51380) u1",
    "tile_px": 256,
    "voxel_size_um": 7.91
  },
  "name": "w00_pherc_paris4",
  "stats": {
    "cnr": {
      "mad": 6.672885894775391,
      "median": 28.381717681884766
    },
    "com_offset": {
      "mad": 8.682937622070312,
      "median": -13.039958953857422
    },
    "com_smoothness": {
      "mad": 3.9542999267578125,
      "median": 6.510231971740723
    },
    "confusion_index": {
      "mad": 0.013062240555882454,
      "median": 0.013129739090800285
    },
    "dynamic_range": {
      "mad": 5.0,
      "median": 106.0
    },
    "entropy": {
      "mad": 0.08621633052825928,
      "median": 0.30471497774124146
    },
    "grid_tearing": {
      "mad": 0.0,
      "median": 1.0
    },
    "haze_index": {
      "mad": 0.4166666269302368,
      "median": 1.9166666269302368
    },
    "hole_fraction": {
      "mad": 0.0,
      "median": 0.0
    },
    "indecision_mass": {
      "mad": 0.0293731689453125,
      "median": 0.029388427734375
    },
    "ink_frac": {
      "mad": 0.0108795166015625,
      "median": 0.0108795166015625
    },
    "intensity_drift": {
      "mad": 0.21299713850021362,
      "median": 0.6034917235374451
    },
    "mean_prob": {
      "mad": 0.044227153062820435,
      "median": 0.08100053668022156
    },
    "noise_sigma": {
      "mad": 0.6052688360214233,
      "median": 1.8158066272735596
    },
    "normal_coherence": {
      "mad": 0.0,
      "median": 1.0
    },
    "p95_prob": {
      "mad": 0.1882353127002716,
      "median": 0.30588236451148987
    },
    "peak_multiplicity": {
      "mad": 0.0,
      "median": 1.0
    },
    "peak_offset": {
      "mad": 9.0,
      "median": -14.0
    },
    "peak_prominence": {
      "mad": 102.75900268554688,
      "median": 431.19757080078125
    },
    "pred_coverage": {
      "mad": 0.0,
      "median": 1.0
    },
    "prob_separation": {
      "mad": 0.11764706671237946,
      "median": 0.19607843458652496
    },
    "saturation_frac": {
      "mad": 0.0,
      "median": 0.0
    },
    "snr": {
      "mad": 8.69677734375,
      "median": 51.03333282470703
    },
    "stretch_anomaly": {
      "mad": 0.0,
      "median": 0.0
    }
  }
}